{
  "last_read_log_id": "1122334455667788990",
  "last_skey_token": null,
  "last_message": "어쩌구저쩌구",
  "last_joined_log_id": "1122334455667788990",
  "type": "OM",
  "temporary_message": "{}",
  "schat_token": null,
  "link_id": "1234567890",
  "unread_count": "1",
  "last_pk_tokens": null,
  "members": "[1122334455667788990]",
  "id": "1122334455667788990",
  "active_members_count": "8",
  "ext": null,
  "last_log_id": "1122334455667788990",
  "last_update_seen_id": "1122334455667788990",
  "private_meta": null,
  "mute_until_at": null,
  "last_chat_log_type": "1",
  "watermarks": "[1122334455667788990]",
  "is_hint": "0",
  "last_updated_at": "1234567890",
  "v": "{}",
  "meta": "{}",
  "blinded_member_ids": null,
  "_id": "33",
  "active_member_ids": "[1122334455667788990]",
  "moim_meta": "[]",
  "invite_info": null
}