{
  "profile_type": "16",
  "profile_image_url": "https://open.kakaocdn.net/dn/img_s.jpg",
  "profile_link_id": "182458053",
  "privilege": "0",
  "type": "1000",
  "link_id": "1234567890",
  "user_id": "1122334455667788990",
  "nickname": "홍길동",
  "report": "0",
  "original_profile_image_url": "https://open.kakaocdn.net/dn/img.jpg",
  "_id": "2120",
  "enc": "31",
  "link_member_type": "1",
  "full_profile_image_url": "https://open.kakaocdn.net/dn/img_l.jpg",
  "involved_chat_id": "1122334455667788990"
}